Date,Open,High,Low,Close,Volume,ema_20,ema_50,ema_100,rsi_14,rsi_change,macd,macd_signal,macd_hist,bb_percent,bb_width,obv,obv_slope,adx,plus_di,minus_di,future_4w_return,predicted_return,risk_flag,buy_hold_return,strategy_return,buy_hold_equity,strategy_equity
2022-11-11,54544.91016,61840.96875,53519.30078,61795.03906,1000000.0,58380.955515699694,57092.13286827994,54027.77110113807,56.91367776264497,4.682748320501091,736.4470073922348,484.9521388495967,251.49486854263813,0.8817308046139861,15.537978406081512,-84.03885062010613,52.63117650336948,15.128245197812062,17.71508886479074,21.38819559802065,-0.027185194403209212,-0.026691972233769293,True,-0.027185194403209212,0.0,0.9728148055967908,1.0
2022-11-18,61765.85938,62052.57031,61337.42969,61663.48047,1000000.0,58693.57693991877,57271.401401680734,54178.9732668581,56.63577656755274,-0.2779011950922339,905.2898291797756,569.0196769156324,336.2701522641431,0.8421037408791932,16.171226657110907,-84.03885062010615,-51.38250352012564,14.65041702010878,17.851650656244036,21.14220601945073,-0.005281438503271674,-0.013099094693555217,True,-0.005281438503271674,0.0,0.9676769440259592,1.0
2022-11-25,61456.32813,62447.73047,61059.32813,62293.64063,1000000.0,59036.44014849793,57468.35195965404,54339.65974929655,57.70119038573262,1.0654138181798842,1077.5265846067268,670.7210584538514,406.8055261528755,0.8769165078891717,15.588283655568503,-84.03885062010615,0.0,14.073117581537309,18.10078911555295,20.645748863257747,-0.0393033951016325,-0.014219082524870408,True,-0.0393033951016325,0.0,0.9296439547641666,1.0
2022-12-02,62016.35156,63303.01172,60850.92969,61150.03906,1000000.0,59237.735282926704,57612.73184594211,54474.51874554811,55.05749342998861,-2.6436969557440197,1108.9629306009738,758.3694328832759,350.5934977176979,0.7399954659912159,13.680386655760632,-84.03885062010615,0.0,13.242843599734826,18.81813137046019,19.7630943236079,-0.005058063490303244,-0.01573437885982679,True,-0.005058063490303244,0.0,0.9249417566175928,1.0
2022-12-09,58743.5,60284.55078,52702.30078,60115.12891,1000000.0,59321.296580743205,57710.86506414045,54586.21399632933,52.704155244953775,-2.353338185034829,1038.397857170814,814.3751177407835,224.02273943003047,0.5930074669810147,12.792156852469205,-84.03885062010615,-50.39210481609776,14.45047710637118,16.241888602252747,30.262969798071243,0.038482994080632826,-0.02661513708584379,True,0.038482994080632826,0.0,0.9605362847624378,1.0
2022-12-16,57312.48828,62835.10938,57085.92188,61337.80859,1000000.0,59513.34534352957,57853.09814358593,54719.90893877826,55.143579043755416,2.4394237988016414,1068.8139381338406,865.262881819395,203.55105631444556,0.7296886193101374,12.71942642951012,-84.03885062010373,57.29027585105492,14.759753772730472,18.80625615995458,27.503365368261584,-0.01755245133057337,-0.01627863252102428,True,-0.01755245133057337,0.0,0.9436765183728953,1.0
2022-12-23,61405.80078,62006.46094,59765.55859,59845.28906,1000000.0,59544.95903081247,57931.22327756295,54821.40161444601,51.64203473356606,-3.5015443101893595,961.4025981688756,884.4908250892912,76.91177307958435,0.5301630268149197,12.71796965763656,-84.03885062010373,0.0,15.046939248635526,18.11294913721379,26.489432760057248,0.012974796883703066,-0.027667703321861553,True,0.012974796883703066,0.0,0.9559205295227038,1.0
2022-12-30,59755.07813,61392.67969,59754.10156,60840.73828,1000000.0,59668.36657835414,58045.3219051095,54940.596399902526,53.751377925548645,2.109343191982589,945.7013140576528,896.7329228829635,48.96839117468926,0.6824833928998674,12.06492082817487,-84.03885062010373,50.2250507314346,15.316250446415271,17.601958262857803,25.76185545456507,-0.02481626427758732,-0.026193749229774025,True,-0.02481626427758732,0.0,0.9321981530336971,1.0
2023-01-06,60001.17188,62762.41016,58816.83984,62428.53906,1000000.0,59931.240148034696,58217.21277392874,55088.87249218168,56.97512131595798,3.223743390409332,1049.284685719147,927.2432754502004,122.04141026894683,0.8623633153647804,12.761689819878312,-84.03885062010373,0.0,15.096774267853306,18.76858548331025,24.00568978307789,-0.056371453713144115,-0.02071402928036161,True,-0.056371453713144115,0.0,0.8796487879984797,1.0
2023-01-13,66532.97656,67564.32813,59628.42969,60261.17969,1000000.0,59962.6629615552,58297.36833926487,55191.29441689095,51.67969190967299,-5.295429406284988,945.58732419218,930.9120851985964,14.675238993583662,0.5685796440732704,12.706882472304445,-84.03885062010373,-50.71752721653239,14.529198064459877,24.13892031531745,20.917096385761397,0.09162783716489842,-0.0011894787279600886,False,0.09162783716489842,0.09162783716489842,0.9602491039075046,1.0916278371648984
2023-01-20,60550.5,61110.25,59963.82813,60621.76953,1000000.0,60025.4350156928,58388.521327136834,55298.82857754658,52.47117249542337,0.7914805857503779,882.3320301845233,921.1960741957818,-38.86404401125844,0.6026543259707129,12.58850461192315,-84.03885062010373,0.0,14.002163018451688,23.66523447213933,20.50663343593177,0.006281584700551512,-0.0019414323199198494,False,0.006281584700551512,0.006281584700551512,0.9662809899873283,1.0984849898855296
2023-01-27,60876.01172,61266.05859,58974.69922,59330.89844,1000000.0,59959.28867515062,58425.477292347154,55378.67154511991,49.35449843351167,-3.116674061911702,719.7425017148926,880.905359699604,-161.16285798471142,0.4345001155210232,12.61589309155414,-84.03885062010373,0.0,13.209370116893714,22.7061656030749,21.42501003784808,0.002242191733107246,0.011170446659084924,False,0.002242191733107246,0.002242191733107246,0.9684475772349366,1.1009480038487933
2023-02-03,59101.69141,61222.78906,58699.19922,58909.35156,1000000.0,59859.29466418389,58444.45275382374,55448.58600086011,48.344626015239015,-1.00987241827265,550.5276784214147,814.8298234439661,-264.3021450225514,0.3780815232005111,12.603602274817687,-84.03885062010373,-50.77159443780267,12.386833228542656,21.664798435772774,20.94308326364612,0.015271211890419911,0.030306432423637713,False,0.015271211890419911,0.015271211890419911,0.9832369453916551,1.117760814095903
2023-02-10,61301.60938,66261.96875,61255.0,65782.78125,1000000.0,60423.43624378542,58732.23034190908,55653.22353054604,61.998428667867984,13.653802652628968,959.9859240071964,843.8610435566122,116.1248804505842,1.120928712704392,14.897603540847054,-84.03885062010373,0.0,12.94289865677958,27.561155996318394,18.3084534157517,-0.004114749860929523,-0.04563705591661387,True,-0.004114749860929523,0.0,0.979191171307344,1.117760814095903
2023-02-17,64033.39844,64202.64063,60245.05078,61002.57031,1000000.0,60478.59186913919,58821.26328183422,55759.151189545126,51.75296539058082,-10.245463277287165,888.5191648050895,852.7926678063078,35.72649699878173,0.5708998482051749,14.26769930174606,-84.03885062010394,-54.81556864063582,13.124588366190874,25.009305845556888,18.301893340636727,-0.04938598250352977,0.010015153306569628,False,-0.04938598250352977,-0.04938598250352977,0.9308328532535487,1.0625590980878314
2023-02-24,61112.83984,61290.19141,59325.33984,59463.92969,1000000.0,60381.95737588784,58846.46588607601,55832.51314004918,48.94901887555249,-2.803946515028329,699.6605528398504,822.1662448130164,-122.505691973166,0.3216741597922993,10.963586724496398,-84.03885062010394,0.0,12.989513052606942,24.154745336055285,19.27594408403188,-0.0325714788796696,0.03406788898067201,False,-0.0325714788796696,-0.0325714788796696,0.9005142506332982,1.027949976866063
2023-03-03,59331.30859,61343.96094,58795.96875,59808.96875,1000000.0,60327.38703056519,58884.21109642597,55911.25483529573,49.6083578508347,0.6593389752822105,571.2455476495379,771.9821053803208,-200.7365577307829,0.3496272383499656,10.238016256711084,-84.03885062010394,0.0,12.686763049715536,23.054595795153336,19.344265891923403,-0.01366766953325882,0.031131984581521565,False,-0.01366766953325882,-0.01366766953325882,0.888206319445652,1.0139002962855366
2023-03-10,59131.16016,65820.82031,58793.07813,65512.10156,1000000.0,60821.16936670183,59144.12836950731,56101.37061202255,59.02777642604124,9.419418575206535,919.0763455471532,801.4009534136874,117.67539213346596,1.1084767725311364,11.999183971312718,-84.03885062010394,0.0,13.506657782406668,27.898399086988647,17.039118060692807,-0.0005044988515554572,-0.03875366627728212,True,-0.0005044988515554572,0.0,0.8877582203775474,1.0139002962855366
2023-03-17,64444.89844,64535.19141,57158.69141,57989.89844,1000000.0,60551.52451653976,59098.8644507031,56138.76720267557,46.64344741691568,-12.384329009125558,581.0577605889121,757.3323148487324,-176.27455425982032,0.1173155190391767,12.714896954444328,-84.03885062010906,-58.04091793227677,13.715647479709064,24.2060472719318,17.37348499961227,0.04209528944986385,0.08267834839902934,False,0.04209528944986385,0.04209528944986385,0.9251286596258362,1.056580722730979
2023-03-24,57773.55078,58418.78125,57084.91016,57527.10156,1000000.0,60263.48423496454,59037.22669028337,56166.258972127536,46.00394646343493,-0.6395009534807485,272.6883744183433,660.4035267626546,-387.71515234431126,0.0874805070394433,13.365712082460105,-84.03885062010906,0.0,13.88460525658989,23.66739440224451,17.109964359296274,0.03699051355439087,0.05803412125928362,False,0.03699051355439087,0.03699051355439087,0.9593496438492812,1.0956641862764673
2023-03-31,57566.89844,59068.46875,57415.01953,58991.51953,1000000.0,60142.34473925363,59035.43425262521,56222.20472574877,48.41407967945922,2.410133216024292,144.80053528847202,557.282928467818,-412.482393179346,0.287667471331291,13.586073810835442,-84.03885062010906,0.0,14.208302421437486,24.118176287874466,16.61635592464559,0.03595299624247539,0.03873883472102167,False,0.03595299624247539,0.03595299624247539,0.9938411379898145,1.13505659664868
2023-04-07,61294.64844,65672.96875,60593.55859,65479.05078,1000000.0,60650.60245741996,59288.12509683599,56405.50860801117,57.47070341979544,9.056623740336214,560.4772221777384,557.9217872098021,2.5554349679363213,0.9935350189456206,15.111163389121682,-84.03885062010906,0.0,15.86964834066593,32.45366469407293,14.762947865180784,-0.06757522699689933,-0.05052134446161845,True,-0.06757522699689933,0.0,0.926682097491296,1.13505659664868
2023-04-14,65453.55078,68918.21875,60081.42969,60431.0,1000000.0,60629.68793766567,59332.94372048948,56485.22130884264,50.10010553090961,-7.3705978888858255,477.06912578410993,541.7512549246637,-64.6821291405538,0.4550443886660002,15.007615322769402,-84.03885062010906,-50.87167789635965,17.903555513148905,33.03913181136325,12.739081324425946,0.14669855918320063,0.03677446278880018,False,0.14669855918320063,0.14669855918320063,1.0626250260141354,1.3015677639684287
2023-04-21,60385.89844,60407.85938,59412.80859,59655.05859,1000000.0,60536.86609503085,59345.57567615656,56547.99036391506,49.058600766532,-1.0415047643776134,344.3857568627864,502.2781553122883,-157.8923984495019,0.3789459908844537,15.112384532207717,-84.03885062010906,0.0,19.54658738286117,32.486505690523146,13.624384266027842,0.034776951846758664,0.056224977913379416,False,0.034776951846758664,0.034776951846758664,1.0995798853749896,1.346832323421252
2023-04-28,59873.71094,61209.46094,59620.10938,61112.44141,1000000.0,60591.68279169458,59414.86452846415,56638.375533144455,51.11418319055926,2.055582424027264,352.7653850086135,472.37560125155335,-119.61021624293984,0.5322695166844215,15.07456036059462,-84.03885062010906,0.0,21.19820254926477,32.97739284293304,13.251776325163211,0.022732686961065784,0.023185721104993517,False,0.022732686961065784,0.022732686961065784,1.1245762906979038,1.3774494410186322
2023-05-05,60847.5,61585.5,59094.39844,61054.28906,1000000.0,60635.74053153319,59479.1556865636,56725.81936535941,51.025705993527296,-0.0884771970319633,350.67156848459854,448.0347946981624,-97.3632262135639,0.5275014075150375,15.062338651979069,-84.03885062010906,0.0,22.521527339182317,31.52224055799556,13.598241885389456,-0.008965637442147067,0.020513337290043315,False,-0.008965637442147067,-0.008965637442147067,1.1144937473994718,1.365099728735571
2023-05-12,62759.19141,69381.3125,62751.71875,69296.14063,1000000.0,61460.54054091097,59864.13548826698,56974.736618124574,61.26063120094818,10.234925207420886,1002.5044976639548,558.9287352913209,443.5757623726338,1.184588938536608,19.121633508682724,-84.03885062010906,0.0,24.817579813157227,40.03420864911046,11.734300058529003,-0.04929015034527462,-0.042291678311419355,True,-0.04929015034527462,0.0,1.0595601830312833,1.365099728735571
2023-05-19,62157.10156,62562.67188,61251.69922,61729.67969,1000000.0,61486.17284082422,59937.294084413385,57068.89390667657,50.77050603201515,-10.490125168933034,898.1829341701377,626.7795750670842,271.4033591030535,0.5350174596473902,19.106587350070985,-84.03885062010906,0.0,26.409882613376755,35.0376060827681,12.597019963372857,0.02680879681071935,0.04049517153954982,False,0.02680879681071935,0.02680879681071935,1.0879657166868977,1.401696409989611
2023-05-26,61579.78125,62529.82813,61484.66016,62501.69141,1000000.0,61582.88889503144,60037.85868541678,57176.474055257226,51.67967546884707,0.909169436831924,867.7987930377203,674.9834186612114,192.81537437650888,0.6005497774158262,19.114762786686963,-84.03885062010906,0.0,27.88844949929489,34.43624648259498,12.38081401395235,0.007642668049837376,0.016894886590166542,False,0.007642668049837376,0.007642668049837376,1.0962806775091392,1.4124091103578102
2023-06-02,62801.53906,63036.12109,59669.91016,60506.89844,1000000.0,61480.41361359987,60056.25240128279,57242.4230529749,49.15367144912646,-2.526004019720609,674.9753253922318,674.9818000074156,-0.0064746151838335,0.4292272511217152,19.085073822681707,-84.03885062010906,0.0,28.587296246374056,32.50141977786436,14.71420579586677,0.06960628058264096,0.038948467035582655,False,0.06960628058264096,0.06960628058264096,1.172588697945168,1.5107216551908542
2023-06-09,60007.03906,65971.13281,59520.12109,65880.52344,1000000.0,61899.47169230465,60284.65518711484,57413.47454578728,55.46817183702085,6.314500387894384,944.8760236712114,728.9606447401748,215.91537893103668,0.8472873942024634,20.017606608012844,-84.03885062010906,0.0,29.683675895051103,33.85175931758156,13.18527873033445,-0.009108522347223258,-0.031968634785640854,True,-0.009108522347223258,0.0,1.161908147585833,1.5107216551908542
2023-06-16,65867.53906,69744.61719,62777.03906,63384.57813,1000000.0,62040.91040065659,60406.22079271818,57531.71422072218,52.22401357080419,-3.244158266216658,946.4621184063436,772.4609394734085,174.00117893293498,0.6293763509991555,19.805922843005465,-84.03885094446773,-69.09743482646063,31.19093159890093,36.04134053075298,11.763519900376116,0.04222352485348946,0.02228713161663577,False,0.04222352485348946,0.04222352485348946,1.2109680051328953,1.57450964854551
2023-06-23,63474.21094,63601.71094,62801.91016,62979.37109,1000000.0,62130.28760916548,60507.12864751355,57639.588614173226,51.695401960321554,-0.5286116104826348,904.5946838152812,798.8876883417831,105.70699547349818,0.5813588646210539,19.32539117358433,-84.03885094446773,0.0,32.5905261810472,35.56723892000505,11.608778049748365,0.058826988200716857,0.017740336685131378,False,0.058826988200716857,0.058826988200716857,1.2822056056822937,1.6671333090624114
2023-06-30,62946.5,64768.57813,62853.67188,64718.55859,1000000.0,62376.7896073402,60672.28276290518,57779.76623745692,53.85439338934541,2.1589914290238497,1000.2223953599968,839.154629745426,161.06776561457093,0.7355587286564682,18.96292266009604,-84.03885094446773,0.0,34.03769293754205,36.39945148220984,11.227956434728243,0.022275597161132588,0.007652239279737788,False,0.022275597161132588,0.022275597161132588,1.3107675012322184,1.7042696990689916
2023-07-07,60511.32031,65898.97656,60063.48828,65280.44922,1000000.0,62653.3286180697,60852.99517298733,57928.29461334886,54.56100573963116,0.7066123502857522,1108.569029927974,893.0375097819357,215.5315201460384,0.7583323010809041,19.39868263740212,-84.03885094446773,0.0,34.31657169387965,32.86161060474378,14.783938496343245,-0.07555645585981774,0.0057264248232765606,False,-0.07555645585981774,-0.07555645585981774,1.2117305543828827,1.5755011207780605
2023-07-14,65811.39844,69695.32813,64638.10156,66060.89844,1000000.0,62977.85907730116,61057.22667365449,58089.33627328254,55.57847631787818,1.0174705782470284,1243.0807864706585,963.0461651196804,280.0346213509781,0.791165016646905,19.596706844708763,-84.03885094444514,59.5248079183468,35.12983543226552,36.37179633299338,13.55439606328189,-0.016428614893660876,0.011260865431021337,False,-0.016428614893660876,-0.016428614893660876,1.191823499750044,1.5496178196002666
2023-07-21,66148.17969,67619.17188,66015.63281,66684.25781,1000000.0,63330.84943279628,61277.89456135432,58259.53273935615,56.41789736282398,0.8394210449457944,1384.0280008961709,1047.2425322749789,336.7854686211922,0.8075251315617104,19.899515577755786,-84.03885094444514,48.520302639196174,35.885008903623834,35.36739278494361,13.180092760442747,-0.026027097054077464,0.005219289821104588,False,-0.026027097054077464,-0.026027097054077464,1.1608037938507194,1.5092857662128025
2023-07-28,66629.14063,66984.17188,65878.64844,66160.20313,1000000.0,63600.31168967282,61469.35764247768,58415.98165798276,55.46891343761004,-0.9489839252139376,1436.8793995384258,1125.169905727668,311.7094938107577,0.7604626772788028,20.084903552558213,-84.03885094444517,-52.81076208034456,36.532063232124216,34.65682525700755,13.16423718111112,-0.019251624840045944,0.0051187083033017,False,-0.019251624840045944,-0.019251624840045944,1.1384564346986032,1.4802295628652524
2023-08-04,66156.39063,66598.42188,59844.82031,60348.08984,1000000.0,63290.57627541827,61425.386356106006,58454.2412259435,46.18937818633732,-9.27953525127272,998.2681314713772,1099.78955087641,-101.5214194050327,0.2808773897801062,19.13444663067557,-84.03885094444517,0.0,35.082594473529554,30.61079534648799,22.05769545977899,0.006615267377284795,0.0884019092355269,False,0.006615267377284795,0.006615267377284795,1.145987628411525,1.4900216772033674
2023-08-11,61166.08984,66766.92188,61166.08984,64975.60938,1000000.0,63451.05561871177,61564.61078841558,58583.377228994126,52.93977686301313,6.750398676675808,1012.3974074704602,1082.31112219522,-69.91371472475976,0.6459319992016328,17.456321085569908,-84.03885094444517,50.39210481609776,33.7720810219075,27.62362393980028,19.703275157309747,0.015701324385178017,-0.02862554405333108,True,0.015701324385178017,0.0,1.163981151906615,1.4900216772033674
2023-08-18,69666.38281,69893.79688,64754.71875,64948.66016,1000000.0,63593.68462264398,61697.31860690909,58709.4224355487,52.89815853889945,-0.0416183241136778,1009.7802653333274,1067.8049508228414,-58.02468548951401,0.6242604705532075,16.298757258887715,-84.03885094444517,0.0,33.18442328367171,30.42338414680936,18.04276743033113,0.04449626278479957,0.008399728375575836,False,0.04449626278479957,0.04449626278479957,1.2157739631184055,1.5563220733072562
2023-08-25,64852.69922,65913.77344,64732.57031,64886.51172,1000000.0,63716.81101286836,61822.38500350089,58831.7410352408,52.7950808538831,-0.1030776850163519,991.2646201223688,1052.496884682747,-61.2322645603781,0.6219549154609263,16.195523856382586,-84.03885094444517,-48.520302639196174,32.63150961912412,29.801703118004497,17.712391695121795,0.017301542188682184,0.00879719135382675,False,0.017301542188682184,0.017301542188682184,1.2368087276331998,1.5832488453177591
2023-09-01,64908.07813,65458.69922,60109.94141,60747.30859,1000000.0,63434.00125830947,61780.22514414791,58869.67306602812,46.32106406869271,-6.474016785190386,635.2687552975694,969.0512588057117,-333.7825035081421,0.216691978363875,16.073453811630742,-84.03885094444523,-53.69078663423432,30.74321173643668,27.10110409784757,23.93899669435882,0.08364317330161408,0.07250535001742983,False,0.08364317330161408,0.08364317330161408,1.3402593343795723,1.7156768028662528
2023-09-08,60715.89063,66066.00781,59750.53125,65995.8125,1000000.0,63677.983281327615,61945.5422953578,59010.78473798796,54.02033546739406,7.699271398701349,767.7991588075165,928.8008388060726,-161.00167999855614,0.708905739479185,15.216213426931091,-84.03885094444523,47.82715545863623,29.132161999031016,25.294526127019815,21.46556856605726,-0.06145258504090689,-0.03297098019314628,True,-0.06145258504090689,0.0,1.2578969336567425,1.7156768028662528
2023-09-15,65560.07031,67927.22656,64768.76172,67838.63281,1000000.0,64074.235617391656,62176.64388416729,59185.59361070106,56.38574497173676,2.365409504342693,1009.8892813431448,945.0185273134872,64.87075402965763,0.8567739724058874,15.430241105939372,-84.03885094444523,47.82715545863623,28.06594826800396,27.067490701192504,20.334024934170944,-0.022935170647640724,-0.008014148310423241,False,-0.022935170647640724,-0.022935170647640724,1.229046852826181,1.6763274626163167
2023-09-22,67665.57813,67803.14844,65952.82813,66009.14844,1000000.0,64258.51302906864,62326.93818047446,59320.71350831094,53.4461508573213,-2.9395941144154563,1042.110546904194,964.4369312316286,77.67361567256546,0.6529993295317115,14.80920757501302,-84.03885094444523,0.0,27.075892660621697,26.18011841500173,19.667400517726584,-0.009264281761729776,0.0025029607300241234,False,-0.009264281761729776,-0.009264281761729776,1.2176606164832322,1.6607974926777136
2023-09-29,66082.99219,66406.00781,65423.39063,65828.40625,1000000.0,64408.02666915734,62464.25065378919,59449.57871111666,53.151337089833646,-0.2948137674876534,1041.0610441169192,979.7617538086868,61.29929030823246,0.668975638773356,13.377522340342471,-84.03885094444523,0.0,25.983926502138345,25.707201344129228,20.285422329284035,-0.031074813846036275,0.00011930220952881435,False,-0.031074813846036275,-0.031074813846036275,1.179822039498366,1.60918851975679
2023-10-06,60805.14063,61974.35156,58884.98047,61940.19922,1000000.0,64172.99548352331,62443.69961717001,59498.89792911435,47.12864321750524,-6.022693872328404,718.2044792081797,927.4502988885854,-209.2458196804057,0.2145890352758992,13.297847854351488,-84.03885094444523,-47.82715545863623,25.039646281098907,22.60046192417916,29.214070624290763,-0.029620492718847924,0.03484360038480014,False,-0.029620492718847924,-0.029620492718847924,1.1448751293678685,1.5615235629240802
2023-10-13,65482.32813,66478.89844,64580.94922,66282.74219,1000000.0,64373.923741283,62594.25030630059,59633.23147883485,53.47008848109878,6.341445263593535,803.4831968528088,902.65687848143,-99.17368162862137,0.7004292721717771,13.21172292932736,-84.03885094444523,51.00520928898417,23.467988061277936,28.60983080990661,26.92359649479515,0.0028711046603122625,-0.029786213226732423,True,0.0028711046603122625,0.0,1.1481621856872721,1.5615235629240802
2023-10-20,66238.14844,66559.82031,65308.60938,65397.62109,1000000.0,64471.4187268751,62704.18641546528,59747.37780776881,52.09846173245367,-1.371626748645106,790.5325523082502,880.2320132467942,-89.69946093854401,0.5754496702736528,11.864797760730664,-84.03885094444523,-50.2250507314346,22.0273153264798,28.1061588409195,26.311165430622225,0.0060721699563581755,0.003827907103310499,False,0.0060721699563581755,0.0060721699563581755,1.155134021616229,1.5710053993890132
2023-10-27,65419.01953,65453.92188,63092.98047,63782.80078,1000000.0,64405.83606526795,62746.485017996056,59827.28717355557,49.59868403252095,-2.499777699932721,642.5595433652707,832.6975192704895,-190.1379759052188,0.3788812984066932,11.861506327541568,-84.03885094444523,0.0,20.76307124115101,26.864390746039664,29.294907986772134,0.03429197610095924,0.03579583774777662,False,0.03429197610095924,0.03429197610095924,1.1947458498788976,1.6248782789993392
2023-11-03,63885.55859,64452.32031,59805.78125,60105.5,1000000.0,63996.28024952814,62642.916978074645,59832.79633843565,44.376855051930015,-5.221828980590935,225.95772720350212,711.3495608570921,-485.39183365359,-0.0162911848546631,13.332113561405045,-84.03885094444523,0.0,20.310192934228017,24.56416687556356,32.84402054709477,-0.002453498431923884,0.08524073293952811,False,-0.002453498431923884,-0.002453498431923884,1.1918145428096723,1.6208916426897473
2023-11-10,60028.60156,67172.13281,59919.87891,66473.04688,1000000.0,64232.162785763554,62793.11815069917,59964.2864481696,53.50506843658081,9.128213384650792,404.9377337183105,650.0671954293359,-245.12946171102544,0.702643873293496,13.341380279881124,-84.03885094444304,57.19364451310234,19.187281511893566,26.19203989085906,28.711815563167917,-0.016234376046401544,0.009013853930469015,False,-0.016234376046401544,-0.016234376046401544,1.1724661773441298,1.5945774782318525
2023-11-17,69925.63281,70057.82813,64853.35938,65794.72656,1000000.0,64380.97838330988,62910.82828439724,60079.7407078098,52.516351107406216,-0.988717329174591,486.4385368428193,617.3414637120327,-130.9029268692134,0.6171741101259938,13.408032951838267,-84.03885094444304,-50.87167789635965,18.156928009649043,28.784468078689542,26.167473897317038,0.08646625250143769,0.005136985595180066,False,0.08646625250143769,0.08646625250143769,1.2738449338837627,1.7324546170977535
2023-11-24,65787.50781,66235.24219,65547.79688,65970.03906,1000000.0,64532.31749537561,63030.79733442088,60196.38027914029,52.75932302092061,0.2429719135143884,558.7340260504134,605.6199761797088,-46.88595012929545,0.6325858595537093,13.482092428582371,-84.03885094444304,47.82715545863623,17.20017118613627,28.426141421288907,25.841725183510302,0.07786749793081005,0.0037625820474465905,False,0.07786749793081005,0.07786749793081005,1.3730360516371296,1.867356523409835
2023-12-01,66063.71875,67069.89063,59632.32031,59958.03125,1000000.0,64096.67118629222,62910.29670365928,60191.66049638504,44.373803385751465,-8.385519635169139,129.4180851612109,510.3795979760093,-380.9615128147984,0.0269795537161015,14.906306725712843,-84.03885094444304,0.0,16.943266002276324,24.82537939998352,32.64310370102204,0.20484706225239835,0.05756454083728331,False,0.20484706225239835,0.20484706225239835,1.6542984531816278,2.2498790214081916
2023-12-08,60180.19922,65811.64063,60094.69141,65393.89844,1000000.0,64220.21663902629,63007.69285018245,60294.67510912989,51.82887083769735,7.455067451945887,225.2150231521664,453.3466830112408,-228.1316598590744,0.6007884473291499,14.658197274513018,-84.03885094444304,0.0,16.70471118869209,22.41846964867624,29.478237483067005,0.13182649521819823,-0.014286788537145188,True,0.13182649521819823,0.0,1.8723788203094485,2.2498790214081916
2023-12-15,67506.88281,71605.75781,66339.42188,71483.75,1000000.0,64911.98172102378,63340.087248214506,60516.240948553066,58.53373099528153,6.704860157584179,783.5031756732569,519.3779815436441,264.12519412961285,1.105066792312957,17.30589976393178,-84.03885094441537,59.72803357996332,15.887447783072943,29.48636877266318,26.537803418923605,0.11527608988056737,-0.03478576129859002,True,0.11527608988056737,0.0,2.088219329489911,2.2498790214081916
2023-12-22,71437.35156,71913.07031,69920.39063,71106.96094,1000000.0,65501.979741878655,63644.67053024531,60725.95817610648,57.99586242218496,-0.5378685730965742,1181.922365304621,651.8868582958395,530.0355070087816,0.9983399980431628,18.02567707442875,-84.03885094441539,-50.87167789635965,15.192147434024957,29.017862981516508,25.65378376192989,0.00810420825727931,-0.0034563919842728946,False,0.00810420825727931,0.00810420825727931,2.105142693822973,2.2681125095513672
2023-12-29,71097.78125,72484.34375,71012.07813,72240.25781,1000000.0,66143.72051027116,63981.75238435334,60953.9641094509,59.209961599093575,1.2140991769086185,1571.0103996277176,835.7115665622151,735.2988330655024,1.0008481999874514,20.17956301337213,-84.03885094441539,0.0,14.670283668563044,29.27050557983562,24.99138332965273,-0.021312021533052783,-0.00549995932493737,False,-0.021312021533052783,-0.021312021533052783,2.060277847402069,2.219774446908422
2024-01-05,71998.78125,74254.61719,71574.89063,74014.54688,1000000.0,66893.3230216739,64375.19530575125,61212.58951084791,61.10542953979584,1.895467940702268,1999.48692897342,1068.466639044456,931.0202899289636,1.0264393792959068,22.865238615194528,-84.03885094441539,0.0,14.567589054320011,31.04289726914547,23.787440443499484,-0.02606128323837953,-0.005929411668354494,False,-0.02606128323837953,-0.02606128323837953,2.006584362871165,2.161924276322224
2024-01-12,79043.35156,84648.39844,78971.78906,79724.11719,1000000.0,68115.30341865733,64977.11381101591,61579.15441538557,66.50014975929093,5.394720219495092,2767.866035908388,1408.3465184172426,1359.5195174911453,1.173881010112952,28.69892505109129,-84.03885094441539,0.0,16.136116099958276,42.430209044768304,19.726315430453468,0.03556924378656756,-0.036322545647268216,True,0.03556924378656756,0.0,2.0779570512524437,2.161924276322224
2024-01-19,73049.86719,73427.59375,70665.5,71683.22656,1000000.0,68455.10562259474,65240.09862470155,61779.23505191258,54.94240662229832,-11.557743136992611,2696.8912570579123,1666.0554661453766,1030.8357909125357,0.7307422153450641,27.87542963495275,-84.03885094441588,-55.73222830813489,15.762287966546053,36.684573028885055,29.47185387740602,0.010370823213122993,0.045241303418006425,False,0.010370823213122993,0.010370823213122993,2.099507176475445,2.1843452107921206
2024-01-26,71868.20313,72039.20313,70001.60156,70700.67188,1000000.0,68668.96907568096,65454.23875236032,61955.897167320254,53.713908693729664,-1.2284979285686577,2532.170002778381,1839.2783734719776,692.8916293064033,0.6643413633746736,28.0380599233782,-84.03885094441588,0.0,15.28922041319252,35.51945148686295,29.57064483311512,0.034541750948916095,0.01629413081489438,False,0.034541750948916095,0.034541750948916095,2.172027830480722,2.2597963190497596
2024-02-02,70968.10156,73089.39844,70846.03906,72085.63281,1000000.0,68994.36562180657,65714.29342128737,62156.48599192777,55.233359793712864,1.5194510999832005,2484.7394646074827,1968.370591699079,516.368872908404,0.7215142244907922,28.544113444624774,-84.03885094441588,51.00520928898417,15.02108292945569,35.84502976489085,28.43064110490312,-0.01011340570348529,0.008792336235971414,False,-0.01011340570348529,-0.01011340570348529,2.1500612318318093,2.2369420820679666
2024-02-09,74022.29688,82725.28125,73743.77344,82559.84375,1000000.0,70286.31591972975,66374.90323809962,62560.51287822623,64.6773919931615,9.444032199448642,3254.8122579538613,2225.6589249500357,1029.153333003826,1.1022230108441038,33.71425898789468,-84.03885094441588,0.0,16.07822963165929,44.38493530999914,23.993660683885583,-0.031165839869942924,-0.040646692363724514,True,-0.031165839869942924,0.0,2.083052767769967,2.2369420820679666
2024-02-16,79743.86719,80337.82031,70809.84375,72426.64063,1000000.0,70490.15636832692,66612.22627307611,62755.88174459799,53.02326953258677,-11.65412246057474,3012.707077835439,2383.068555527116,629.638522308323,0.6495008031375229,33.66402991418019,-84.03885094441588,-50.31206210842423,16.47126044202008,37.43644127534594,24.14644694816384,0.0029932226334712375,0.05908962262568534,False,0.0029932226334712375,0.0029932226334712375,2.089287808461171,2.2436377477377767
2024-02-23,72627.60156,73413.92969,72081.35938,73142.79688,1000000.0,70742.78879801006,66868.32708119077,62961.56323242773,53.65880534067604,0.6355358080892728,2845.819961471017,2475.6188367158966,370.2011247551209,0.6608209334022026,32.43789889639165,-84.03885094441588,0.0,16.83621762306938,36.73407895883997,23.693424336074106,-0.004250034087567078,0.013170723128986645,False,-0.004250034087567078,-0.004250034087567078,2.0804082640564725,2.234102210829739
2024-03-01,73044.8125,73223.10938,71303.96875,71356.60156,1000000.0,70801.24715629482,67044.33784506565,63127.80161515193,51.77731243031179,-1.8814929103642517,2540.148434957926,2488.5247563643024,51.62367859362348,0.5708259568755678,32.106779959991044,-84.03885094441588,-50.39210481609776,17.008951757214433,35.69540252326579,24.168843890717827,0.032158902607917206,0.01372042246652371,False,0.032158902607917206,0.032158902607917206,2.1473119108049707,2.305948486243945
2024-03-08,73757.22656,80074.29688,73467.72656,79986.79688,1000000.0,71676.06141569531,67551.88525820033,63461.643105544965,59.2179043589256,7.440591928613806,2960.163265240175,2582.852458139477,377.3108071006977,0.9003763989826365,33.611529761517964,-84.03885094441588,0.0,18.055710609882183,40.907619778975416,21.231995620615628,-0.07200143391965264,-0.03177260644889474,True,-0.07200143391965264,0.0,1.9927023741542635,2.305948486243945
2024-03-15,82652.6875,83752.8125,72484.82031,72643.42969,1000000.0,71768.19172753385,67751.55366729051,63643.46066167279,51.88231924221709,-7.335585116708501,2669.7049858859245,2600.222963688767,69.48202219715768,0.574166882148623,32.32682928635858,-84.03885095808937,-65.93104344254357,19.42605051770993,39.71234427538168,18.160299956020097,0.1144342781649299,0.018907623119243006,False,0.1144342781649299,0.1144342781649299,2.220735831938149,2.5698280367527837
2024-03-22,72587.29688,73115.61719,71674.42188,72831.9375,1000000.0,71869.5008487211,67950.78440582813,63825.410698075306,52.046537139678406,0.1642178974613131,2426.751629515653,2565.528696854144,-138.77706733849118,0.5605443241534311,28.915058253584053,-84.03885095808934,53.05290213234943,20.512310370551635,38.93644621648961,18.90412349913923,0.003520304948635866,0.015536324762762036,False,0.003520304948635866,0.003520304948635866,2.228553499276934,2.5788746151077078
2024-03-29,72396.96875,74190.3125,72363.03125,73651.35156,1000000.0,72039.20091646195,68174.33605893291,64019.98378445005,52.800605938212165,0.7540687985337584,2274.1146328208124,2507.245884047478,-233.13125122666543,0.5847430837913188,28.108999621906,-84.03885095808934,0.0,21.64428952035084,39.45294938346436,18.412911631797947,0.0010699693669002919,0.014537208515882067,False,0.0010699693669002919,0.0010699693669002919,2.2309379832536584,2.58163393194695
2024-04-05,71678.92969,74501.72656,71546.60156,74227.63281,1000000.0,72247.62300156082,68411.72024524926,64222.11544832233,53.35612805312137,0.555522114909202,2174.5825598226365,2440.7132192025097,-266.1306593798731,0.5958317235522466,26.94168675582619,-84.03885095808934,0.0,22.489414898111164,37.74480479345655,18.81186775024892,-0.007416375535093667,0.012753037634834536,False,-0.007416375535093667,-0.007416375535093667,2.2143925093743446,2.562487565213491
2024-04-12,76285.78125,83368.32031,70234.42969,80956.32813,1000000.0,73077.02348998359,68903.6656524944,64553.48599647436,59.36925982056194,6.013131767440576,2608.582043145157,2474.286983991039,134.29505915411846,0.8935964832913835,27.27198540942392,-84.0388509580769,58.92818015096306,24.21646651019274,42.85404534520436,15.58270320186494,0.015376538792632122,-0.03271968143213376,True,0.015376538792632122,0.0,2.2484422016968533,2.562487565213491
2024-04-19,73315.15625,73905.79688,71816.46094,73088.32813,1000000.0,73078.1001223661,69067.77006337697,64722.49277139566,51.07738146880491,-8.291878351757035,2291.2359740315296,2437.6767819991373,-146.44080796760773,0.4573826767346087,21.53240862384277,-84.0388509580769,0.0,25.82015729283992,37.96949835759583,13.806571091807683,0.01133837838684748,0.03945745622514905,False,0.01133837838684748,0.01133837838684748,2.2739358901606486,2.591542018839473
2024-04-26,73666.50781,74571.25,73227.32031,73730.15625,1000000.0,73140.20070595028,69250.60873736218,64900.862345229405,51.67036667745134,0.5929852086464322,2067.6920266173547,2363.679830922781,-295.9878043054264,0.4675090662012548,18.748895358183905,-84.0388509580769,50.77159443780267,27.373937339345197,38.104330137927214,13.536972827115026,0.02278897082901543,0.03091756429744128,False,0.02278897082901543,0.02278897082901543,2.3257565488285707,2.6506005943089734
2024-05-03,73982.75,75111.39063,71602.14063,73677.13281,1000000.0,73191.33709681216,69424.19791668133,65074.64987918526,51.61470689883662,-0.0556597786147179,1864.757525291512,2263.895369796527,-399.137844505015,0.4551322539168114,18.43777494545941,-84.03885095807694,-52.95111943803949,28.3664148557549,36.29800971072087,15.09062712966588,0.003857094856457799,0.03108647565896318,False,0.003857094856457799,0.003857094856457799,2.3347272124504306,2.6608242122278067
2024-05-10,74287.02344,82617.49219,71879.4375,82201.15625,1000000.0,74049.41511140148,69925.25510622324,65413.78861920139,59.219891005522,7.605184106685371,2364.4915376967256,2284.014603376567,80.47693432015876,0.9907099973439588,20.024909482453875,-84.03885095807689,53.079428886682855,30.023195566352157,40.83813598831809,13.05177379190829,-0.08669766661585132,-0.04612519022358889,True,-0.08669766661585132,0.0,2.1323118109464474,2.6608242122278067
2024-05-17,78542.15625,82317.74219,71866.00781,73917.03125,1000000.0,74036.80712460134,70081.79534715565,65582.16966139543,50.85406676619108,-8.36582423933092,2068.233381744154,2240.8583590500843,-172.62497730593032,0.4316538625956605,19.785164216673813,-84.03885123155781,-68.92681710749495,31.557980448034243,35.77207650356532,11.448612667847623,0.041610737579507395,0.04549316446246339,False,0.041610737579507395,0.041610737579507395,2.2210388781494244,2.7715430702680175
2024-05-24,73842.96094,75636.5,73762.36719,75410.39063,1000000.0,74167.62460130599,70290.75986805151,65776.7878983975,52.165907304551645,1.3118405383605705,1931.6810632998968,2179.022899900047,-247.34183660015012,0.5277137395795432,19.741358118126016,-84.03885123155781,0.0,32.983137838167615,34.93519451177183,11.180774210894045,0.023862862862350953,0.023798858514202048,False,0.023862862862350953,0.023862862862350953,2.2740392243106538,2.837680022470922
2024-05-31,75655.46094,76009.67969,73668.72656,73961.3125,1000000.0,74147.97582975304,70434.70310852007,65938.85769248863,50.75029546193693,-1.415611842614716,1687.0861930281826,2080.6355585256742,-393.5493654974917,0.4470430551231953,18.97142859957984,-84.03885123155781,-50.660368802692446,34.34377129119381,34.355694803886976,10.839650133007984,0.06856847030668889,0.040704433365807334,False,0.06856847030668889,0.06856847030668889,2.4299666153390445,3.032255400831604
2024-06-07,71970.82031,75297.72656,71625.17969,75074.50781,1000000.0,74236.21697072893,70616.65623406832,66119.76165521162,51.83168734234613,1.0813918804091998,1565.0278869973265,1977.5140242200048,-412.4861372226785,0.5138867237897632,18.56250896353756,-84.03885123155781,0.0,34.95916770519734,32.67158644055394,13.035942375444831,-0.020814738525556487,0.025851779716615744,False,-0.020814738525556487,-0.020814738525556487,2.379387495614931,2.9691397975205875
2024-06-14,78981.96875,82254.78906,76549.04688,76992.77344,1000000.0,74498.74615827855,70866.70004606564,66335.06881926683,53.717582609263616,1.8858952669174869,1604.5871232751524,1902.9286440310343,-298.34152075588213,0.6334706457068398,17.901555785101706,-84.03885123127482,62.05327984725919,36.262006775645546,38.67971174748494,11.816353221881371,0.03310720611962914,0.02351321473982809,False,0.03310720611962914,0.03310720611962914,2.4581623678707225,3.0674397207950954
2024-06-21,77235.3125,77851.63281,76802.0,77209.89844,1000000.0,74756.9511374901,71115.45292425914,66550.41198007343,53.93741425959472,0.2198316503311019,1634.6154465894217,1849.266004542712,-214.65055795329044,0.6326119987078134,17.565631267854105,-84.03885123127482,0.0,37.471785912490304,38.11829519178039,11.644844799840236,0.04396780812550949,0.015575540090976201,False,0.04396780812550949,0.04396780812550949,2.5662423792026106,3.202308321875581
2024-06-28,76885.64844,79671.57813,76745.9375,79032.72656,1000000.0,75164.16784439581,71425.9342433078,66797.5865262106,55.834043314724845,1.896629055130127,1784.9246046665212,1836.397724567474,-51.47311990095272,0.811979230289537,15.99682761179579,-84.03885123127482,48.520302639196174,38.76781413509409,39.12397085453148,11.158680468539796,0.029101769483479645,0.004338315709664478,False,0.029101769483479645,0.029101769483479645,2.6409245733609015,3.2955011604738327
2024-07-05,72548.5,74245.17188,71938.21875,73511.85156,1000000.0,75006.80438873905,71507.73492239376,66930.54226945394,49.223281275110175,-6.61076203961467,1441.9354880070896,1757.5052772553972,-315.56978924830764,0.3468406357805402,15.760357766374428,-84.03885123127482,0.0,38.547233559777474,35.27773384049559,16.72376300778426,-0.02834130586820427,0.08909690358812462,False,-0.02834130586820427,-0.02834130586820427,2.5660773222524234,3.2021023540958216
2024-07-12,75031.78906,82137.77344,74941.88281,79541.78906,1000000.0,75438.7076907639,71822.79586896657,67180.26992867267,55.43028344848401,6.207002173373837,1637.800163125692,1733.5642544294565,-95.76409130376442,0.8180941924784454,16.172093397871333,-84.03885123127482,0.0,39.1908347429506,41.68940128743407,14.816515216852263,-0.00824183511267873,-0.02400644805104188,True,-0.00824183511267873,0.0,2.5449281360760345,3.2021023540958216
2024-07-19,80686.53906,81587.75781,80390.36719,80604.64844,1000000.0,75930.702047834,72167.1822443012,67446.0992061247,56.44103063844255,1.0107471899585363,1857.3775068439568,1758.326904912357,99.05060193160034,0.8653858621727077,16.152521705112584,-84.03885123127482,0.0,39.78846441303993,40.50933503917188,14.397116785012932,-0.0020818239797287807,0.006875082449963698,False,-0.0020818239797287807,-0.0020818239797287807,2.539630043655665,3.195436140629519
2024-07-26,80408.89844,81427.17969,79224.32031,81332.71875,1000000.0,76445.17982899267,72526.61504844626,67721.08177134994,57.157762985214525,0.7167323467719768,2066.324025861468,1819.9263291021791,246.3976967592887,0.9062733516011506,16.64907744654711,-84.03885123127482,50.77159443780267,40.02013738376331,39.22202485936588,15.621724958066242,-0.003030856631729084,0.006556258443668975,False,-0.003030856631729084,-0.003030856631729084,2.531932789095713,3.1857512318114254
2024-08-02,81679.64844,81908.42969,71230.61719,71428.42969,1000000.0,75967.39410146956,72483.54895595818,67794.49460142222,46.05582813731965,-11.101934847894874,1416.3949744266283,1739.220058167069,-322.82508374044073,0.139030763685313,17.071493416435754,-84.03885123127488,-53.6232132094016,38.34898057699252,33.64140529197708,24.050702673833417,0.15312311634832465,0.10307652140010636,False,0.15312311634832465,0.15312311634832465,2.9196302281465543,3.673563388336905
2024-08-09,74555.4375,80067.46094,73073.92188,78886.21875,1000000.0,76245.37740132959,72734.6340459206,68014.13270337426,53.39617358493986,7.340345447620209,1485.9733921978914,1688.5707249732336,-202.59733277534224,0.6919251581157111,16.802033750577746,-84.03885123127488,0.0,36.797192113562495,29.93085009316168,21.397975801486066,-0.08216957248949142,-0.030518621458576523,True,-0.08216957248949142,0.0,2.6797254604723557,3.673563388336905
2024-08-16,80826.5625,81763.28125,78889.38281,80436.84375,1000000.0,76644.56467263155,73036.68148529626,68260.12698152526,54.77414474034278,1.3779711554029177,1647.248809059165,1680.30634179042,-33.05753273125492,0.7820909347866563,16.97523055809468,-84.03885123127485,52.63117650336948,35.61502109112875,31.03483073815428,20.58372594042676,0.030509572921923578,-0.001605996596015454,False,0.030509572921923578,0.030509572921923578,2.7614827398193724,3.7856422384166786
2024-08-23,80680.25,81236.45313,80332.64844,81086.21094,1000000.0,77067.57860285712,73352.34930704936,68514.10884208912,55.36928676947482,0.5951420291320417,1806.6334977218796,1705.571772976712,101.06172474516734,0.7986962131376408,17.29079799077,-84.03885123127485,48.520302639196174,34.51729085601171,30.640383270613164,20.322110253256927,0.04264722102453189,-0.0012902677704199937,False,0.04264722102453189,0.04264722102453189,2.8792523045798792,3.9470893596782384
2024-08-30,81388.25781,82637.03125,81278.4375,82365.77344,1000000.0,77572.16858734693,73705.81692010624,68788.39923016656,56.581732119382366,1.2124453499075472,2012.9924874408464,1767.055915869539,245.93657157130724,0.8786766255967965,17.76364296166422,-84.03885123127485,48.925767747304334,33.72559345484393,32.00968075578417,19.85577504316269,0.0389248833113367,-0.001043160260738048,False,0.0389248833113367,0.0389248833113367,2.9913268645595483,4.100729352423133
2024-09-06,71770.90625,75124.28125,71200.3125,72404.17188,1000000.0,77079.97842474245,73654.77201657266,68859.9986885791,46.08527226320298,-10.496459856179383,1357.0719989592326,1685.059132487478,-327.9871335282453,0.1588795654446581,17.998374041049665,-84.03885123127485,0.0,31.727328449206077,27.17470687286524,30.49038224580564,0.03637879547003808,0.08206741925804235,False,0.03637879547003808,0.03637879547003808,3.1001477327493903,4.249908946812916
2024-09-13,80107.21094,83092.92969,79549.09375,82890.9375,1000000.0,77633.40309857651,74016.9745845502,69137.83906108247,55.45385355112464,9.368581287921655,1664.2600759726774,1680.8993211845177,-16.63924521184026,0.8682522774345723,18.521331593186297,-84.03885123127287,57.08676207191533,30.316241995065443,33.5582564448433,26.38212338703472,-0.015436322577483175,-0.010471215884320161,True,-0.015436322577483175,0.0,3.0522928523088177,4.249908946812916
2024-09-20,82985.32813,84694.46094,82700.63281,84544.3125,1000000.0,78291.58494633113,74429.81136554823,69442.91774304124,56.73047754716959,1.2766239960449468,2017.8617308866524,1748.2918031249446,269.56992776170773,0.9238995001954482,19.32914071669364,-84.03885123127287,47.82715545863623,29.226030619013667,34.79071759484467,25.68685726303472,-0.0392641728560984,-0.0012409942460347998,False,-0.0392641728560984,-0.0392641728560984,2.9324470981483306,4.0830397873025746
2024-09-27,84651.14844,85978.25,84607.38281,85571.85156,1000000.0,78984.94367144245,74866.75411827183,69762.30257109982,57.544798162210384,0.8143206150407991,2353.873417091206,1869.408125918197,484.4652911730095,0.9515102679156776,20.53752664023976,-84.03885123127287,48.520302639196174,28.39165371672601,35.88564163592351,25.17304523647646,-0.07209803676708004,-0.005362587291634866,False,-0.07209803676708004,-0.07209803676708004,2.7210234194485152,3.788660634596183
2024-10-04,85208.75781,85359.64844,71110.97656,75038.14844,1000000.0,78609.05841130507,74873.47546422196,69866.77476652358,47.64553342999324,-9.899264732217148,1750.0102623273417,1845.5285532000264,-95.5182908726847,0.2902382457652234,20.246241856812023,-84.03885123127287,0.0,27.20348255425407,29.481124757204213,37.33711752003826,-0.04420376593716491,0.062234010218720444,False,-0.04420376593716491,-0.04420376593716491,2.600743937105669,3.6211875666891427
2024-10-11,72475.45313,82196.54688,72366.28906,81611.40625,1000000.0,78894.99630070459,75137.7080440564,70099.3417265924,53.07083596263279,5.425302532639556,1781.317413525714,1832.686325265164,-51.36891173944991,0.6850270891356441,20.162320127035365,-84.03885123127287,48.520302639196174,26.10018076053012,26.07441418558049,33.022602588297445,-0.021002732078274855,-0.02764062785035766,True,-0.021002732078274855,0.0,2.546121208990441,3.6211875666891427
2024-10-18,81575.96094,82300.4375,80409.25,81224.75,1000000.0,79116.8776053994,75376.41557174048,70319.64684091731,52.72472639209816,-0.3461095705346295,1754.7015215754363,1817.0893645272183,-62.38784295178221,0.641967084705073,19.474647230263887,-84.03885123127306,-54.68256425724616,25.057960512720264,25.593201380459785,32.25048785091338,-0.04486855915222887,-0.0034083933911275783,False,-0.04486855915222887,-0.04486855915222887,2.4318804189161085,3.458710098151835
2024-10-25,81770.02344,81770.02344,79137.97656,79402.28906,1000000.0,79144.05964869469,75534.29296343694,70499.50114228528,51.03527381044088,-1.689452581657278,1568.470516753121,1767.365594972399,-198.89507821927828,0.5097881321748389,18.8718442726257,-84.03885123127306,-47.82715545863623,24.26988465617909,24.72667848785196,32.7938781908348,-0.0035915800838500767,-0.001254402182611616,False,-0.0035915800838500767,-0.0035915800838500767,2.4231461256372246,3.446287863847502
2024-11-01,79653.67188,80539.8125,71543.1875,71721.17969,1000000.0,78437.11870024756,75384.75910957667,70523.69279669548,44.55519322320236,-6.480080587238525,791.9506570575468,1572.282607389429,-780.3319503318821,0.0524267025740358,20.56614184562812,-84.03885123127306,0.0,24.487680513197937,21.986481171937957,38.51485820172348,0.11268093197757034,0.09731979077268793,False,0.11268093197757034,0.11268093197757034,2.696188489391866,3.8346187922088286
2024-11-08,74175.92969,80170.09375,73433.90625,79897.34375,1000000.0,78576.18775260494,75561.72321312269,70709.30964725597,51.59995136133449,7.044758138132131,826.7706845090725,1423.180222813358,-596.4095383042854,0.5476348029850133,20.446433738447453,-84.03885123127306,0.0,24.689919523286864,19.770621130659528,34.63322136237193,-0.041187519954316465,-0.03577848738651142,True,-0.041187519954316465,0.0,2.58513917218444,3.8346187922088286
2024-11-15,81928.11719,82134.95313,77424.8125,77580.3125,1000000.0,78481.34249045208,75640.88357731396,70845.36910968654,49.67376087827846,-1.9261904830560328,659.7950429453485,1270.5031868397562,-610.7081438944076,0.4092228726032795,20.53630407620212,-84.03885123129785,-59.6188635128712,24.47449308275333,21.022678613347743,32.657236154342975,0.05868505221605047,-0.008982723809060933,False,0.05868505221605047,0.05868505221605047,2.7368481994898413,4.0596535962582525
2024-11-22,77863.53906,79218.1875,76802.72656,79117.10938,1000000.0,78541.89171802807,75777.20615781145,71009.16594672245,50.98079072264024,1.3070298443617858,644.0481228262506,1145.212174037055,-501.1640512108045,0.4859125337175823,19.435314882613564,-84.03885123129785,0.0,24.357772862334706,20.38049910374139,32.446373363882145,-0.013593970235114217,-0.022202980191176957,True,-0.013593970235114217,0.0,2.6996435665279503,4.0596535962582525
2024-11-29,80193.46875,80511.14844,78918.92188,79802.78906,1000000.0,78661.97717916826,75935.0721539757,71183.29709748043,51.58496299248205,0.6041722698418042,679.0693066323729,1051.9836005561187,-372.9142939237458,0.5295277231586475,19.437774159140456,-84.03885123129785,48.520302639196174,23.96634434261189,21.671470184034437,31.7577098128102,-0.013830578642685887,-0.00248559170253857,False,-0.013830578642685887,-0.013830578642685887,2.6623059338738644,4.0035062379331405
2024-12-06,72148.07031,77050.53125,70922.57031,76606.57031,1000000.0,78466.22414400936,75961.40541499628,71290.68864624319,48.57926510372047,-3.0056978887615813,443.79985740201664,930.3468519252984,-486.5469945232818,0.3366600757504708,19.65431273540596,-84.03885123129787,-51.38250352012564,24.62763818195698,19.221145245640336,38.34827222921196,0.02481296228649832,-0.009341136778643826,False,0.02481296228649832,0.02481296228649832,2.728365630606197,4.1028450872287365
2024-12-13,80093.61719,83116.1875,78547.84375,82133.11719,1000000.0,78815.45205315134,76203.43332774151,71505.3902015651,53.6122701840312,5.03300508031073,695.2785316813679,883.3331878765124,-188.0546561951445,0.688085279606332,19.7772843761232,-84.03885123123936,60.476984006007285,24.04044725828202,25.281671816971595,35.20583624571446,-0.01399928225468594,-0.0016177414095870748,False,-0.01399928225468594,-0.01399928225468594,2.690170470049357,4.04540820080537
2024-12-20,82000.3125,82116.4375,77874.59375,78041.59375,1000000.0,78741.75126237502,76275.51805018302,71634.81997480143,49.73134589024927,-3.8809242937819306,557.993246724378,818.2651996460856,-260.2719529217077,0.394642045819271,17.624442370439102,-84.03885123123936,0.0,23.58395469716755,23.90179766720581,34.14718220922804,-0.018224456365615982,0.015177419863354908,False,-0.018224456365615982,-0.018224456365615982,2.6411435757018737,3.971682835568687
2024-12-27,78488.64063,79043.14844,78173.38281,78699.07031,1000000.0,78737.68640976788,76370.55931527389,71774.70612005288,50.35327585953111,0.6219299692818439,496.5229257270257,753.9167448622736,-257.3938191352479,0.4422550426784958,17.636199130322723,-84.03885123123936,0.0,23.160068747561255,23.57588443479508,33.68156792002346,-0.03187597210638504,0.0009884152400375396,False,-0.03187597210638504,-0.03187597210638504,2.5569545567538428,3.8450815842866914
2025-01-03,78637.57813,79092.70313,77560.78906,78507.40625,1000000.0,78715.75496598045,76454.35723428277,71908.0269147053,50.15845588672416,-0.1948199728069539,427.414596219387,688.6163151336963,-261.20171891430925,0.4354605648171457,17.656019865643454,-84.03885123123936,0.0,22.857305213231303,23.05799460729408,33.82011801677197,-0.012824725565303008,0.001485170681972787,False,-0.012824725565303008,-0.012824725565303008,2.5241623162805236,3.795769468192014
2025-01-10,76882.57813,83874.28906,75912.17969,80983.3125,1000000.0,78931.71282636328,76631.96332313442,72087.73554015667,52.70415423374704,2.545698347022885,565.9072628875292,664.0745046844629,-98.1672417969337,0.612488958123309,17.645144945317476,-84.03885123123932,53.02011230952644,21.60012557070496,27.10881670603369,30.11706104999872,0.029961419520842636,-0.00011106340382957991,False,0.029961419520842636,0.029961419520842636,2.5997898023773063,3.909496109632921
2025-01-17,86065.92188,86159.02344,76249.71875,76619.32813,1000000.0,78711.48571242392,76631.46782536445,72177.47004688624,48.04607334702448,-4.658080886722566,319.83971850629314,595.227547448829,-275.38782894253586,0.3205731142647698,17.613987463604428,-84.03885123150961,-62.00729454674874,20.10149395857772,26.59022738479953,26.262916847117605,-0.008876574705093176,0.044686868912146516,False,-0.008876574705093176,-0.008876574705093176,2.576712573978965,3.8747931753564933
2025-01-24,76978.53125,77337.35938,75641.86719,76190.46094,1000000.0,78471.38811505021,76614.17343770311,72256.93521308652,47.60082636055456,-0.4452469864699182,89.19523161495454,494.0210842820541,-404.8258526670996,0.2567872662995158,16.16830175032242,-84.03885123150964,-53.079428886682855,18.734586023579872,25.977661620760816,26.48380082303972,-0.011542106835296995,0.04298663923046555,False,-0.011542106835296995,-0.011542106835296995,2.5469718821662464,3.830069898561849
2025-01-31,75700.42969,77605.96094,75267.59375,77500.57031,1000000.0,78378.92927647401,76648.93409936181,72360.76957144123,49.1510504741292,1.550224113574643,11.984540841236594,397.6137755938906,-385.6292347526541,0.3766246482160192,15.78289306422787,-84.03885123150934,55.21052360562861,17.538397913999052,25.118210918321637,26.137143002567527,-0.055515317278185816,0.024139041166690453,False,-0.055515317278185816,-0.055515317278185816,2.405575930029169,3.617442352945559
2025-02-07,78657.52344,83935.00781,76064.9375,83409.6875,1000000.0,78858.04910728602,76914.06168370057,72579.56002547209,55.54012586123328,6.389075387104079,422.73782629382913,402.6385857338784,20.09924055995077,0.8656062868955318,15.329938277517732,-84.03885123150931,52.81076208034456,17.297227319204058,31.039543896218078,23.338517612237062,-0.002040755158086438,-0.02593146639418171,True,-0.002040755158086438,0.0,2.4006667385417932,3.617442352945559
2025-02-14,80520.09375,85553.50781,75439.64063,75939.21094,1000000.0,78580.06451992544,76875.83224277114,72646.08776635383,47.42693849177762,-8.113187369455659,143.80010126330308,350.8708888397633,-207.07078757646025,0.2616785261668725,13.69466392801928,-84.03885123150931,0.0,17.32949265839599,29.098873768754,20.326408968778058,-0.027789394489065367,0.058219731058424616,False,-0.027789394489065367,-0.027789394489065367,2.3339536635076774,3.516915820358102
2025-02-21,75641.40625,76338.57813,75112.40625,75311.0625,1000000.0,78268.73099421825,76814.46872344679,72698.85954325771,46.80778067815549,-0.619157813622131,-126.4883064530586,255.39904978119893,-381.8873562342576,0.2000847835076858,13.605785050616866,-84.03885123150931,-47.82715545863623,17.28361828708938,28.61666492333149,20.43182077712366,0.021171462160688437,0.060388840065906946,False,0.021171462160688437,0.021171462160688437,2.3833668751794304,3.59137407057114
2025-02-28,74893.45313,74907.03906,73141.27344,73198.10156,1000000.0,77785.81390524509,76672.65040331162,72708.74552378726,44.69409557291764,-2.113685105237849,-505.3665549322177,103.24592883851562,-608.6124837707333,0.0642134714213714,14.38675411659713,-84.03885123150931,0.0,16.78045540635775,27.74062073426276,22.58736789194232,0.0576083290431173,0.06100100678392421,False,0.0576083290431173,0.0576083290431173,2.520668658355233,3.798267129745522
2025-03-07,80072.99219,83850.09375,72784.53906,83239.46875,1000000.0,78305.20960474556,76930.17269141706,72917.27469658355,55.07618819737786,10.38209262446022,4.571420019216021,83.51102707465571,-78.9396070554397,0.9272419359692176,15.099502878484158,-84.03885123116272,62.25598559135084,17.676269562658025,35.380250991649774,19.33633403746804,-0.09460393450672999,-0.013559594279618257,True,-0.09460393450672999,0.0,2.282203485687028,3.798267129745522
2025-03-14,80295.99219,85269.67969,73770.59375,73828.90625,1000000.0,77878.8949995317,76808.55439959679,72935.3268065522,46.303466975487794,-8.772721221890066,-346.65676393642207,-2.5225311275598443,-344.13423280886224,0.168736548395829,15.836079050519524,-84.03885123116272,-51.1944512886227,18.685133992311982,32.18460175524431,16.653806467668588,0.1304399953778268,0.08073436307464908,False,0.1304399953778268,0.1304399953778268,2.579894097811304,4.29371307659328
2025-03-21,73830.03125,77041.9375,73796.0625,76905.50781,1000000.0,77786.19145767154,76812.3564941224,73013.94425216502,49.15487973204599,2.8514127565581973,-372.4581310362992,-76.50965110930771,-295.94847992699147,0.3846784590300184,14.087553657827725,-84.03885123116272,50.39210481609776,19.621936676990664,30.88223894069647,15.979903511555928,0.021424932581821432,0.051810118250622476,False,0.021424932581821432,0.021424932581821432,2.63516815492515,4.385705589784975
2025-03-28,77456.27344,78741.6875,77082.50781,77414.92188,1000000.0,77750.83245027425,76835.98650925486,73101.09232400333,49.63180963548346,0.4769299034374654,-347.7913204047363,-130.76598496839344,-217.02533543634289,0.4416839889322784,13.984023825931756,-84.0388512311624,55.27198873252842,20.718030673802478,32.36637580038565,15.595444817760916,0.023220450610109244,0.035215161148247104,False,0.023220450610109244,0.023220450610109244,2.6963579469159225,4.487543649823057
2025-04-04,77687.60156,78658.59375,72633.53906,75364.6875,1000000.0,77523.58055024814,76778.28850889193,73145.91599085476,47.69281979209132,-1.938989843392136,-488.0534982813697,-202.2234876309887,-285.830010650381,0.2691671499822065,14.317821514779522,-84.0388512311624,0.0,20.62002679256741,29.830292347305917,20.159314781459795,0.038567051047614376,0.061960621150774005,False,0.038567051047614376,0.038567051047614376,2.8003485214972694,4.660614974844181
2025-04-11,80777.64844,84068.00781,80500.50781,83459.14844,1000000.0,78088.87273022451,77040.28301599421,73350.1384155903,55.14370579197959,7.450885999888264,53.32832906064869,-151.11312429266124,204.44145335330992,0.937201762934796,15.514466096901462,-84.0388512311624,47.82715545863623,21.287212830616728,33.342179655375695,17.969020229347617,-0.032930968999472454,-0.04552695607021127,True,-0.032930968999472454,0.0,2.708130331148124,4.660614974844181
2025-04-18,84987.5625,85487.21094,76435.07031,78553.20313,1000000.0,78133.09467306027,77099.61321654345,73453.16940003406,50.45285310102732,-4.690852690952269,85.52268952449958,-103.78596152922908,189.30865105372868,0.5380385021705041,15.415477482162142,-84.0388512311624,0.0,21.013134779553525,29.724780584772848,20.89207796842901,0.048087034894664926,0.0145962711556677,False,0.048087034894664926,0.048087034894664926,2.8383562888813447,4.884730129770111
2025-04-25,78903.09375,80254.54688,78605.8125,79212.53125,1000000.0,78235.89815657835,77182.47274726724,73567.21616934032,51.05544571444442,0.6025926134171016,162.36754915260826,-50.55525939286162,212.92280854546988,0.5822798590636894,15.334164696206257,-84.03885123116235,53.18844762434565,20.75863373213769,29.086057295560792,20.44315096220897,0.0316685610270786,0.004893833550760716,False,0.0316685610270786,0.0316685610270786,2.9282429482323757,5.039422503985546
2025-05-02,79343.63281,80661.3125,78216.25,78271.28125,1000000.0,78239.26797499946,77225.17111992343,73660.36597291773,50.11833720762203,-0.9371085068223906,145.6378232298739,-11.31664286831452,156.95446609818842,0.5208587469903357,14.671876152191471,-84.03885123116235,0.0,20.58744921005345,28.685344964785024,19.78516540957905,0.040624434776324714,0.021896676550617614,False,0.040624434776324714,0.040624434776324714,3.0472011628920748,5.2441461948090495
2025-05-09,73005.36719,81911.13281,72894.04688,80710.75781,1000000.0,78474.64795928521,77361.86079404407,73799.9776924639,52.54923857444624,2.430901366824216,325.4729165584431,56.04126901703701,269.4316475414061,0.7177937664129043,14.948418120212386,-84.03885123116235,48.520302639196174,19.289734138454666,25.434125681746465,24.232473016393307,0.018315208778982184,-0.004814874302941796,False,0.018315208778982184,0.018315208778982184,3.1030112883820005,5.340193827234482
2025-05-16,85125.47656,85796.71875,80762.15625,82330.59375,1000000.0,78841.88089173424,77556.71306682665,73968.90078271214,54.14714684504686,1.5979082706006196,591.8779459576326,163.20860440515614,428.66934155247645,0.8255979356946194,15.613953879367608,-84.03885123116211,55.0260866993244,18.7521589526028,28.716796306697155,22.67162596411259,-0.014721042747247393,-0.0020193491447171702,False,-0.014721042747247393,-0.014721042747247393,3.057331726560538,5.261580605625176
2025-05-23,82354.92188,82424.10156,80489.92188,81721.07813,1000000.0,79116.09015252146,77720.0215006766,74122.40924503467,53.41819910507818,-0.7289477399686817,745.232458609913,279.6133752461075,465.6190833638055,0.7553443006764383,16.02707714586311,-84.03885123116214,-52.74713638446436,18.195715841240435,27.978723861359136,22.450675588446543,0.008407791058593128,-0.0023446921792430447,False,0.008407791058593128,0.008407791058593128,3.0830371329142667,5.305818875995219
2025-05-30,81928.95313,82492.24219,81106.97656,81451.00781,1000000.0,79338.4632627575,77866.33468927752,74267.53000869734,53.0772372243552,-0.3409618807229861,835.3452568576031,390.7597515684066,444.5855052891964,0.7305569391686413,16.12411393935773,-84.03885123116217,-52.98044705313401,17.691292545585192,27.530480625463348,22.014272053750464,0.03201790499736257,-2.7270180359665775e-05,False,0.03201790499736257,0.03201790499736257,3.1817495229392567,5.475700080700047
2025-06-06,79281.64844,82299.89063,73415.67969,82188.99219,1000000.0,79609.94220820916,78035.85066969802,74424.39064595086,53.94235123014023,0.8651140057850384,955.2973968310544,503.66728062093625,451.6301162101181,0.7615679343542154,16.391301979658945,-84.03885123116213,53.12547282518426,17.140725594503305,24.271869344110463,29.655644631211363,-0.11012537699788527,-0.0101958398576013,True,-0.11012537699788527,0.0,2.8313581572127293,5.475700080700047
2025-06-13,80694.97656,83846.35156,80354.59375,81118.60156,1000000.0,79753.62405123685,78156.74286147457,74556.94927791222,52.43237838044021,-1.50997284970002,953.0031269318424,593.5344498831175,359.4686770487249,0.6606945017060483,16.232252665471975,-84.03885123116213,0.0,16.31902817785294,25.226857540820053,28.240809485823675,0.025859416331880825,-0.0029212693041376857,False,0.025859416331880825,0.025859416331880825,2.9045754265847603,5.617298488795384
2025-06-20,81034.45313,82494.49219,81012.3125,82408.17188,1000000.0,80006.43813016667,78323.46556808341,74712.419032409,54.09941411238016,1.6670357319399471,1043.2168939688709,683.4709387002682,359.74595526860264,0.7377108303457964,16.478388402954444,-84.0388512311621,53.08984564754111,15.556023433820457,24.688422592109667,27.63804559490169,-0.007892971111495561,-0.006532279007712088,False,-0.007892971111495561,-0.007892971111495561,2.881649696651567,5.572961314098674
2025-06-27,81704.07031,84089.35156,81476.75781,84058.89844,1000000.0,80392.38673110318,78548.38450423701,74897.49783255931,56.21473495153684,2.1153208391566807,1233.6905749925209,793.5148659587188,440.1757090338021,0.8567877484725608,16.691421652393622,-84.03885123116207,52.73981034437228,14.50696543036851,26.104088416119023,26.56186689597047,-0.03088078404754313,-0.003571172472425553,False,-0.03088078404754313,-0.03088078404754313,2.792662094668602,5.4008638992526805
2025-07-04,84027.32813,84099.53125,71425.00781,73137.89844,1000000.0,79701.48308433146,78336.20858014928,74862.65428023139,42.319389115650296,-13.895345835886545,497.67205642139015,734.3463040512531,-236.67424762986295,0.06799037266192,17.702043632545365,-84.03885123116207,-50.2250507314346,15.193292331849618,21.691350845569037,35.47806547991088,0.0685088559676148,0.12636300422140023,False,0.0685088559676148,0.0685088559676148,2.9839841798784703,5.770870906227273
2025-07-11,79948.79688,83516.82031,79811.28906,83216.28125,1000000.0,80036.22576677609,78527.58397896696,75028.07263606839,53.694694680220216,11.37530556456992,719.3214519976173,731.341333640526,-12.019881642908786,0.7597784678740984,17.541316704496108,-84.03885123116204,52.83110176458169,15.830595883224932,18.87722785823196,30.875325875352694,-0.04035859497146188,-0.02879364999533816,True,-0.04035859497146188,0.0,2.8635547709615055,5.770870906227273
2025-07-18,82537.86719,82784.75,81608.13281,81757.72656,1000000.0,80200.1782232736,78654.25623704669,75161.33310980961,52.0935387369995,-1.601155943220718,768.4290493066364,738.7588767737482,29.670172532888277,0.6362808420405417,15.958434620874732,-84.03885123116204,0.0,16.422377752359154,18.477235185266128,30.22110353834849,-0.014189121429992846,-0.028165187026026158,True,-0.014189121429992846,0.0,2.822923444594897,5.770870906227273
2025-07-25,81918.53125,82786.42969,81397.6875,81463.09375,1000000.0,80320.45589248564,78764.40672775074,75286.12044921932,51.75778488122592,-0.3357538557735822,774.6431643572287,745.9357342904443,28.707430066784354,0.622734019422267,15.64153490477908,-84.03885123116252,-55.68734051610839,17.004923957728145,18.120162938869356,29.92992551182975,-0.0019179506056999918,-0.029223601308358212,True,-0.0019179506056999918,0.0,2.8175092168644915,5.770870906227273
2025-08-01,81299.96875,81803.27344,77486.78906,78148.49219,1000000.0,80113.60220653462,78740.2532164664,75342.80107774962,48.00896641383475,-3.748818467391168,506.2712706292659,698.0028415582087,-191.7315709289428,0.3237870077538647,14.134520628232616,-84.03885123116252,-50.02438003597245,18.13152824298979,17.01925052768881,33.61623951447839,0.021256408197374732,-0.012465020149114405,True,0.021256408197374732,0.0,2.8773993428780287,5.770870906227273
2025-08-08,74013.72656,83812.3125,73424.92188,79857.78906,1000000.0,80089.23904972179,78784.07815150694,75432.20678036845,50.01940584851671,2.010439434681956,426.5930840260844,643.720890051784,-217.1278060256996,0.4602804050261126,13.623229290704437,-84.03885123116252,0.0,19.69821645175829,14.704049997123386,34.36273911514928,-0.00505048179704759,-0.02644449461365956,True,-0.00505048179704759,0.0,2.8628670898739865,5.770870906227273
2025-08-15,80904.39844,85722.96875,80319.0,80597.65625,1000000.0,80137.65973546257,78855.19886125176,75534.49290847997,50.904371314013225,0.8849654654965207,418.32643920565897,598.6419998825589,-180.3155606769,0.5137777678387557,13.19526849050717,-84.0388512311625,52.817588045414965,20.63215831096954,16.069481958493988,31.737435397049374,0.05048068627926128,-0.026486234824016176,True,0.05048068627926128,0.0,3.007386585297137,5.770870906227273
2025-08-22,81315.78906,82231.17188,81202.42188,81306.85156,1000000.0,80249.01133779947,78951.34210433993,75648.79704019324,51.78561956640282,0.8812482523895966,463.6564551531046,571.6448909366682,-107.98843578356356,0.5584768638233,11.82461625333911,-84.0388512311625,51.32366302010271,21.499390037379985,15.709499950150215,31.02646625918793,0.01622710724478571,-0.027489064381099076,True,0.01622710724478571,0.0,3.0561877699432833,5.770870906227273
2025-08-29,81501.0625,81799.0625,79741.75781,79809.64844,1000000.0,80207.16725229476,78985.00117632661,75731.1901372191,49.755165495578254,-2.030454070824568,374.4525839421112,532.2064295377568,-157.75384559564554,0.4181814192003346,11.474552000366518,-84.0388512311625,0.0,22.516539864790406,15.24626389245286,32.20515947175027,0.00772854550867641,-0.02781625477943312,True,0.00772854550867641,0.0,3.0798076562063503,5.770870906227273
2025-09-05,78206.21094,80032.92969,73673.0625,79454.46875,1000000.0,80135.48168064764,79003.41166941184,75804.9184265811,49.26171273302168,-0.4934527625565721,271.96282257801795,480.157708145809,-208.19488556779103,0.373179553796589,11.313773309210038,-84.0388512311625,0.0,24.217773056001228,13.88335010419818,37.85629711933846,-0.06719945339764177,-0.021086532670054198,True,-0.06719945339764177,0.0,2.8728462651394113,5.770870906227273
2025-09-12,82574.54688,84947.89063,80927.96875,84666.28125,1000000.0,80566.98640153835,79225.48498629766,75980.39095773791,56.13618211477373,6.87446938175205,604.3224075767794,504.9906480320031,99.33175954477628,0.8910132417089316,11.959867114101662,-84.0388512311625,48.520302639196174,24.48345337727822,19.686168060753147,34.95005121085109,-0.025576426743084357,-0.04109458872623831,True,-0.025576426743084357,0.0,2.79936912309493,5.770870906227273
2025-09-19,81925.50781,83141.21094,81744.70313,82626.22656,1000000.0,80763.10451186803,79358.84740095265,76111.9916627332,53.10325329612583,-3.0329288186479038,695.0918233156699,543.0108830887365,152.08094022693342,0.6609067009595874,11.683728771245477,-84.0388512311625,-50.71752721653239,24.730156532749717,18.857030179940875,33.478032313835904,0.01604770053291915,-0.027904607460678927,True,0.01604770053291915,0.0,2.8442925604634577,5.770870906227273
2025-09-26,82151.07031,82583.15625,80332.40625,80426.46094,1000000.0,80731.04321930917,79400.71459856236,76197.4266979266,49.9682855471025,-3.134967749023332,582.8063095690304,550.9699683847953,31.836341184235152,0.4303510237492606,11.701330807583052,-84.03885123116254,-52.99194143255974,25.166216137866183,18.20859210200444,34.44402044419682,0.04706687109885399,-0.029737051919796285,True,0.04706687109885399,0.0,2.978164511774221,5.770870906227273
2025-10-03,80588.77344,80851.38281,74022.24219,74115.17188,1000000.0,80100.96023461306,79193.43841352071,76156.19392925478,42.259850007899054,-7.708435539203442,-15.272992991071078,437.721376109622,-452.99436910069306,-0.0869135868872291,13.857119654639702,-84.03885123116254,0.0,26.37203850705549,16.40041338308191,40.19931320856681,0.13254423906491541,0.0944599682111255,False,0.13254423906491541,0.13254423906491541,3.37290306079747,6.535766599235026
2025-10-10,82643.72656,83742.28125,81235.42188,82500.82031,1000000.0,80329.51833703085,79323.13966436303,76281.83009521011,52.70058018610314,10.440730178204085,185.2610235557513,387.2293055988479,-201.96828204309656,0.6585783169014602,13.94789593266994,-84.03885123116254,0.0,26.74029621032048,18.18582256378143,34.93290812122956,-4.2612909626482676e-06,-0.029528934233671603,True,-4.2612909626482676e-06,0.0,3.3728886878761393,6.535766599235026
2025-10-17,83198.20313,85020.34375,81781.61719,83952.1875,1000000.0,80674.53444778982,79504.67095203507,76433.71836065149,54.242770666318144,1.5421904802150053,456.0419118068821,400.99182684045473,55.05008496642739,0.7683581984693988,14.342988838446724,-84.03881338882618,73.85675023734079,26.76226586284833,19.149898101091907,33.35000410694568,0.007273113044255153,-0.015471177928693123,True,0.007273113044255153,0.0,3.3974200885887518,6.535766599235026
2025-10-24,84269.29688,85290.0625,83957.14844,84211.88281,1000000.0,81011.42476800032,79689.26749548467,76587.74141905444,54.52845956190787,0.285688895589729,683.711556541457,457.5357727806552,226.17578376080175,0.7745050536564458,14.717876541440535,-84.03881338882618,0.0,26.712959731348384,19.16986197315048,32.69102102849365,0.012112768839303012,-0.022476377641696,True,0.012112768839303012,0.0,3.4385722527718316,6.535766599235026
2025-10-31,84297.39063,85105.82813,83905.65625,83938.71094,1000000.0,81290.21392723838,79855.91233644605,76733.30517194445,54.14550031162978,-0.3829592502780912,832.5021369284659,532.5290456102174,299.9730913182485,0.7341595270763231,15.042297545480515,-84.03881338882655,-55.44442327226457,26.67550162529612,18.810776621378697,32.159027290704415,0.02106252193059932,-0.024353105921647567,True,0.02106252193059932,0.0,3.5109972562557887,6.535766599235026
2025-11-07,77384.97656,83040.74219,73663.60156,82500.46875,1000000.0,81405.47629131092,79959.62043109523,76847.50643091585,52.07195306916798,-2.0735472424618,824.8571789191337,590.9946722720007,233.86250664713305,0.6157819561849428,15.05166085048137,-84.03881338882687,-55.241728339986814,27.971832809400777,16.040493701183838,42.10266230471509,-0.0008553928367830421,-0.05080620849582657,True,-0.0008553928367830421,0.0,3.507993974352823,6.535766599235026
2025-11-14,79885.35938,84919.42969,79772.46094,84562.78125,1000000.0,81706.17200166226,80140.13654164052,77000.28415010562,54.74801599615194,2.67606292698396,973.9824149070336,667.5922207990074,306.3901941080263,0.7802658182864382,15.17716593021308,-84.03881338609216,64.32157538476649,28.684155012394303,17.54633725425445,39.003986396056575,0.008335522904765025,-0.01833815923604211,True,0.008335522904765025,0.0,3.5372349384758186,6.535766599235026
2025-11-21,84700.5,85801.70313,84525.97656,85231.92188,1000000.0,82041.95770436108,80339.81439804677,77163.28687743026,55.61398110427408,0.8659651081221398,1133.097651023956,760.6933068439971,372.404344179959,0.837576326068192,12.740884090068713,-84.03881338609212,53.00893900892831,29.114426215014586,18.54073553364642,38.252506702497634,-0.0035498730208851637,-0.023697502137440974,True,-0.0035498730208851637,0.0,3.524678203599191,6.535766599235026
2025-11-28,85320.03906,86055.85938,84478.13281,85706.67188,1000000.0,82390.97810204097,80550.27939733907,77332.4628180752,56.25362331079065,0.6396422065165694,1282.719586431529,865.0985627615036,417.6210236700255,0.8541674643505355,13.33384222774411,-84.03881338609212,50.59974418087601,29.44443649978077,18.47989729907699,37.295481674055694,-0.007761574862355958,-0.021973426806301606,True,-0.007761574862355958,0.0,3.4973211498562415,6.535766599235026
2025-12-05,76188.24219,82495.96875,73598.15625,82429.89844,1000000.0,82394.68480089422,80623.98994803165,77433.40213732123,50.81092632446101,-5.442696986329644,1123.9318302245665,916.865216254116,207.0666139704504,0.5507609076467506,13.342519401311687,-84.03881338609212,0.0,30.933619956612656,15.313401501956925,46.30127252829092,0.033467263362067845,-0.05129474576131453,True,0.033467263362067845,0.0,3.6143669178402105,6.535766599235026
2025-12-12,82571.67188,85320.82031,80164.35938,85267.65625,1000000.0,82668.30112938049,80806.09450889315,77588.53588212676,54.88215588481658,4.071229560355569,1213.0909709715634,976.1103671976056,236.9806037739578,0.7832123171789954,13.777021623660584,-84.03881338609212,50.12974055163027,31.615357751160385,18.1890223779029,42.92789848369675,-0.019905609754578002,-0.04755603669084908,True,-0.019905609754578002,0.0,3.542420740463826,6.535766599235026
2025-12-19,84891.75,85278.63281,84238.42969,84929.35938,1000000.0,82883.64001039187,80967.79117050518,77733.8987236688,54.30511705732904,-0.5770388274875415,1242.1339551924466,1029.315084796574,212.81887039587264,0.7302084766276203,13.308806938359329,-84.03881338609212,-50.71752721653239,32.2483999889547,17.905614507881786,42.25902777580608,-0.03236678870613652,-0.04821275519178604,True,-0.03236678870613652,0.0,3.427763956848998,6.535766599235026
2025-12-26,85145.89844,85738.17969,84937.82031,85041.45313,1000000.0,83089.14602178312,81127.54261989714,77878.60277131891,54.4759152218557,0.1707981645266656,1259.6750088675908,1075.3870696107774,184.2879392568134,0.7174318318087917,13.228316411279348,-84.03881338609212,0.0,32.714095784260174,18.406764037223283,41.714762158045545,0.008472981745720087,-0.0494152217038877,True,0.008472981745720087,0.0,3.4568073382840168,6.535766599235026
2026-01-02,85004.75,85451.70313,84470.9375,85188.60156,1000000.0,83289.09416827996,81286.79983323452,78023.3552225799,54.71520653845221,0.2392913165965069,1270.8010651786608,1114.4698687243542,156.33119645430656,0.7091620468720329,13.238007636251192,-84.03881338609212,0.0,33.204006178070685,18.10230894350608,41.81217100965876,0.0029465870480713807,-0.04913300578633395,True,0.0029465870480713807,0.0,3.4669931220146823,6.535766599235026
2026-01-16,84079.32031,84258.03125,83185.20313,83570.35156,1000000.0,83315.880586539,81376.35088134297,78133.19673421199,51.50863854705978,-3.2065679913924257,1135.9448293519818,1118.7648608498798,17.17996850210193,0.5517783839969962,13.117905798872709,-84.03881338609212,0.0,33.82083674730756,17.466765752934393,42.59738789148299,0.017865094045082408,-0.05203306311532528,True,0.017865094045082408,0.0,3.5289312801931287,6.535766599235026
2026-01-23,83494.49219,83539.92969,82022.03125,82180.46875,142000.0,83207.74612591625,81407.88491540795,78213.34073452462,48.86011321947742,-2.6485253275823624,906.4691517173778,1076.3057190233794,-169.8365673060016,0.4102226327022811,12.657843205464824,-84.03881338609212,0.0,34.54008413266806,16.9708666936913,43.52087265529008,0.03383616475173734,-0.045229437173131846,True,0.03383616475173734,0.0,3.648336780387303,6.535766599235026
2026-02-06,85259.35938,85812.27344,85068.88281,85762.00781,17900.0,83451.00914344804,81578.63483284294,78362.81929047462,55.2461401878484,6.3860269683709845,1002.0572022120032,1061.4560156611042,-59.398813449101,0.7277532851454048,12.216155003918107,-84.03881338609212,0.0,34.498200283083555,20.02215490029308,40.608517837238686,-0.018435282829463273,-0.05168170158400781,True,-0.018435282829463273,0.0,3.5810786599837297,6.535766599235026
2026-05-01,85640.04688,85883.5,85315.32813,85439.61719,12600.0,83640.40038597681,81730.04590567264,78502.9539023464,54.58537872970645,-0.6607614581419554,1039.810899411939,1057.1269924112712,-17.316092999331886,0.6905330060154107,12.325783321872263,-84.03881338609212,0.0,34.437055884383966,19.93869593244163,40.1557904211332,-0.021809262041240673,-0.04106569083243437,True,-0.021809262041240673,0.0,3.5029779770978493,6.535766599235026
2026-06-05,85331.14063,85397.78125,84900.10156,85063.34375,23300.0,83775.91880159806,81860.76346819528,78632.86261220093,53.776944425160735,-0.8084343045457132,1027.524195173581,1051.2064329637333,-23.68223779015261,0.6413305133077774,12.376690851451592,-84.03881338609212,0.0,34.448488310604084,19.71394465149633,40.57068377004478,-0.013932815449663183,-0.05158448375163879,True,-0.013932815449663183,0.0,3.4541716314187103,6.535766599235026
